Workbook
Name Name: 'Student Template'!$D$2
Name Salary1: 'Variables- Admin Use Only'!$B$12
Name Salary2: 'Variables- Admin Use Only'!$B$13

Sheet Student Template
A1: Value of a Degree
C2: Part 1: Type Your Name Here: | D2: Leida Pereira | H2: Part 2: Table | T2: Part 3: Chart Area | Y2: Part 4: Application Questions
H3: Use the area in yellow to create the table | N3: Check Your Work: Table | T3: Place your chart here. | Y3: 1. Which line crosses the following points: | AB3: ✓
A4: For instructions, see your Canvas course at W03 Value of a Degree. | Y4: a. | Z4: =IF(Name="","",_xlfn.CONCAT("(",'Variables- Admin Use Only'!O18," , ",'Variables- Admin Use Only'!P18,")")) -> (18,14 , $445214,0) | AA4: Cindy's Future Salary | AB4: =IF('Variables- Admin Use Only'!Q18="Empty Cell","",'Variables- Admin Use Only'!R18) -> C
H5: Year | J5: Cindy´s Current Salary | K5: Cindy´s Future Salary | N5: Years | O5: ✓ Current | P5: ✓ Future
C6: Cindy's CURRENT Monthly Earnings: | D6: =Salary1 -> 1059.2853 | H6: 5 | J6: =PRODUCT(H6,12,$D$6) -> 63557.12 | K6: =PRODUCT(H6,12,$D$8) -> 122724.81 | N6: 5 | O6: =IF('Variables- Admin Use Only'!H7="Empty Cell","",'Variables- Admin Use Only'!K7) -> C | P6: =IF('Variables- Admin Use Only'!L7="Empty Cell","",'Variables- Admin Use Only'!O7) -> C | Y6: b. | Z6: =IF(Name="","",_xlfn.CONCAT("(",'Variables- Admin Use Only'!O19," , ",'Variables- Admin Use Only'!P19,")")) -> (8,78 , $111552,0) | AA6: Cindy's Current Salary | AB6: =IF('Variables- Admin Use Only'!Q19="Empty Cell","",'Variables- Admin Use Only'!R19) -> C
H7: 10 | J7: =PRODUCT(H7,12,$D$6) -> 127114.24 | K7: =PRODUCT(H7,12,$D$8) -> 245449.63 | N7: 10 | O7: =IF('Variables- Admin Use Only'!H8="Empty Cell","",'Variables- Admin Use Only'!K8) -> C | P7: =IF('Variables- Admin Use Only'!L8="Empty Cell","",'Variables- Admin Use Only'!O8) -> C
C8: Cindy's FUTURE Monthly Earnings: | D8: =Salary2 -> 2045.4136 | H8: 15 | J8: =PRODUCT(H8,12,$D$6) -> 190671.36 | K8: =PRODUCT(H8,12,$D$8) -> 368174.44 | N8: 15 | O8: =IF('Variables- Admin Use Only'!H9="Empty Cell","",'Variables- Admin Use Only'!K9) -> C | P8: =IF('Variables- Admin Use Only'!L9="Empty Cell","",'Variables- Admin Use Only'!O9) -> C | Y8: 2. Which line has a greater slope? | AA8: Cindy's Future Salary | AB8: =IF(ISBLANK(AA8),"",IF(AA8='Variables- Admin Use Only'!M29,"C","N")) -> C
H9: 20 | J9: =PRODUCT(H9,12,$D$6) -> 254228.48 | K9: =PRODUCT(H9,12,$D$8) -> 490899.25 | N9: 20 | O9: =IF('Variables- Admin Use Only'!H10="Empty Cell","",'Variables- Admin Use Only'!K10) -> C | P9: =IF('Variables- Admin Use Only'!L10="Empty Cell","",'Variables- Admin Use Only'!O10) -> C
H10: 25 | J10: =PRODUCT(H10,12,$D$6) -> 317785.6 | K10: =PRODUCT(H10,12,$D$8) -> 613624.07 | N10: 25 | O10: =IF('Variables- Admin Use Only'!H11="Empty Cell","",'Variables- Admin Use Only'!K11) -> C | P10: =IF('Variables- Admin Use Only'!L11="Empty Cell","",'Variables- Admin Use Only'!O11) -> C | Y10: 3. Name 1 thing from the data that could help Cindy stay motivated in her studies. Explain why.
Y11: "After 25 years, the chart indicates that with her 'Future Salary' (gray line), Cindy would earn more than $600,000, while with her 'Current Salary' (orange line), she would only reach approximately $320,000. Seeing that finishing her studies could practically double her income over time is a powerful incentive, as it provides greater financial stability and rewards the effort she is making now."
K13: ✓ Feedback Key: | L13: C | M13: = Correct
L14: A | M14: = Check Answer, Correct Cell Referencing
L15: CR | M15: = Check Cell Referencing, Answer Correct
L16: N | M16: = Not Correct - Check Answer and Cell Referencing

Sheet Variables- Admin Use Only
A1: Variables Sheet
A3: Part 1 | E3: Part 2
A5: Name | B5: =IF(ISBLANK(Name),"Empty Cell",Name) -> Leida Pereira | E5: Correct Answers | H5: Student Response - Current | L5: Student Response - Future
E6: Year | F6: Current Salary | G6: Future Salary | H6: Student Answer | I6: Feedback | J6: Cell Referencing | K6: Overall Feedback | L6: Student Response | M6: Feedback | N6: Cell Referencing | O6: Overall Feedback
B7: Variable | C7: Value | E7: 5 | F7: =ROUND((E7*Salary1*12),2) -> 63557.12 | G7: =ROUND((E7*Salary2*12),2) -> 122724.81 | H7: =IF(ISBLANK('Student Template'!J6)=TRUE,"Empty Cell",ROUND(('Student Template'!J6),2)) -> 63557.12 | I7: =IF(F7=H7,"C","N") -> C | J7: =IFERROR(IF(OR((FIND("$D$6",_xlfn.FORMULATEXT('Student Template'!J6))>0),(FIND("H6",_xlfn.FORMULATEXT('Student Template'!J6))>0)),"C","N"),"N") -> C | K7: =IF(AND(I7="N",J7="N"),"N",IF(AND(I7="C",J7="C"),"C",IF(I7="C","CR","A"))) -> C | L7: =IF(ISBLANK('Student Template'!K6)=TRUE,"Empty Cell",ROUND(('Student Template'!K6),2)) -> 122724.81 | M7: =IF(G7=L7,"C","N") -> C | N7: =IFERROR(IF(OR((FIND("$D$8",_xlfn.FORMULATEXT('Student Template'!K6))>0),(FIND("H6",_xlfn.FORMULATEXT('Student Template'!K6))>0)),"C","N"),"N") -> C | O7: =IF(AND(M7="N",N7="N"),"N",IF(AND(M7="C",N7="C"),"C",IF(M7="C","CR","A"))) -> C | R7: C | S7: Correct
A8: 1st Letter | B8: =UPPER(MID($B$5,1,1)) -> L | C8: =IFERROR(VLOOKUP(B8,$A$18:$B$43,2,FALSE),$B$44) -> 2.5838627 | E8: 10 | F8: =ROUND((E8*Salary1*12),2) -> 127114.24 | G8: =ROUND((E8*Salary2*12),2) -> 245449.63 | H8: =IF(ISBLANK('Student Template'!J7)=TRUE,"Empty Cell",ROUND(('Student Template'!J7),2)) -> 127114.24 | I8: =IF(F8=H8,"C","N") -> C | J8: =IFERROR(IF(OR((FIND("$D$6",_xlfn.FORMULATEXT('Student Template'!J7))>0),(FIND("H7",_xlfn.FORMULATEXT('Student Template'!J7))>0)),"C","N"),"N") -> C | K8: =IF(AND(I8="N",J8="N"),"N",IF(AND(I8="C",J8="C"),"C",IF(I8="C","CR","A"))) -> C | L8: =IF(ISBLANK('Student Template'!K7)=TRUE,"Empty Cell",ROUND(('Student Template'!K7),2)) -> 245449.63 | M8: =IF(G8=L8,"C","N") -> C | N8: =IFERROR(IF(OR((FIND("$D$8",_xlfn.FORMULATEXT('Student Template'!K7))>0),(FIND("H7",_xlfn.FORMULATEXT('Student Template'!K7))>0)),"C","N"),"N") -> C | O8: =IF(AND(M8="N",N8="N"),"N",IF(AND(M8="C",N8="C"),"C",IF(M8="C","CR","A"))) -> C | R8: A | S8: Answer
A9: 2nd Letter | B9: =UPPER(MID($B$5,2,1)) -> E | C9: =IFERROR(VLOOKUP(B9,$A$18:$B$43,2,FALSE),$B$44) -> 2.562262 | E9: 15 | F9: =ROUND((E9*Salary1*12),2) -> 190671.36 | G9: =ROUND((E9*Salary2*12),2) -> 368174.44 | H9: =IF(ISBLANK('Student Template'!J8)=TRUE,"Empty Cell",ROUND(('Student Template'!J8),2)) -> 190671.36 | I9: =IF(F9=H9,"C","N") -> C | J9: =IFERROR(IF(OR((FIND("$D$6",_xlfn.FORMULATEXT('Student Template'!J8))>0),(FIND("H8",_xlfn.FORMULATEXT('Student Template'!J8))>0)),"C","N"),"N") -> C | K9: =IF(AND(I9="N",J9="N"),"N",IF(AND(I9="C",J9="C"),"C",IF(I9="C","CR","A"))) -> C | L9: =IF(ISBLANK('Student Template'!K8)=TRUE,"Empty Cell",ROUND(('Student Template'!K8),2)) -> 368174.44 | M9: =IF(G9=L9,"C","N") -> C | N9: =IFERROR(IF(OR((FIND("$D$8",_xlfn.FORMULATEXT('Student Template'!K8))>0),(FIND("H8",_xlfn.FORMULATEXT('Student Template'!K8))>0)),"C","N"),"N") -> C | O9: =IF(AND(M9="N",N9="N"),"N",IF(AND(M9="C",N9="C"),"C",IF(M9="C","CR","A"))) -> C | R9: CR | S9: Cell Reference
A10: 3rd Letter | B10: =UPPER(IF(LEN(Name)<=2,"Z",MID($B$5,3,1))) -> I | C10: =IFERROR(VLOOKUP(B10,$A$18:$B$43,2,FALSE),$B$44) -> 2.5745831 | E10: 20 | F10: =ROUND((E10*Salary1*12),2) -> 254228.48 | G10: =ROUND((E10*Salary2*12),2) -> 490899.25 | H10: =IF(ISBLANK('Student Template'!J9)=TRUE,"Empty Cell",ROUND(('Student Template'!J9),2)) -> 254228.48 | I10: =IF(F10=H10,"C","N") -> C | J10: =IFERROR(IF(OR((FIND("$D$6",_xlfn.FORMULATEXT('Student Template'!J9))>0),(FIND("H9",_xlfn.FORMULATEXT('Student Template'!J9))>0)),"C","N"),"N") -> C | K10: =IF(AND(I10="N",J10="N"),"N",IF(AND(I10="C",J10="C"),"C",IF(I10="C","CR","A"))) -> C | L10: =IF(ISBLANK('Student Template'!K9)=TRUE,"Empty Cell",ROUND(('Student Template'!K9),2)) -> 490899.25 | M10: =IF(G10=L10,"C","N") -> C | N10: =IFERROR(IF(OR((FIND("$D$8",_xlfn.FORMULATEXT('Student Template'!K9))>0),(FIND("H9",_xlfn.FORMULATEXT('Student Template'!K9))>0)),"C","N"),"N") -> C | O10: =IF(AND(M10="N",N10="N"),"N",IF(AND(M10="C",N10="C"),"C",IF(M10="C","CR","A"))) -> C | R10: N | S10: Not Correct
E11: 25 | F11: =ROUND((E11*Salary1*12),2) -> 317785.6 | G11: =ROUND((E11*Salary2*12),2) -> 613624.07 | H11: =IF(ISBLANK('Student Template'!J10)=TRUE,"Empty Cell",ROUND(('Student Template'!J10),2)) -> 317785.6 | I11: =IF(F11=H11,"C","N") -> C | J11: =IFERROR(IF(OR((FIND("$D$6",_xlfn.FORMULATEXT('Student Template'!J10))>0),(FIND("H10",_xlfn.FORMULATEXT('Student Template'!J10))>0)),"C","N"),"N") -> C | K11: =IF(AND(I11="N",J11="N"),"N",IF(AND(I11="C",J11="C"),"C",IF(I11="C","CR","A"))) -> C | L11: =IF(ISBLANK('Student Template'!K10)=TRUE,"Empty Cell",ROUND(('Student Template'!K10),2)) -> 613624.07 | M11: =IF(G11=L11,"C","N") -> C | N11: =IFERROR(IF(OR((FIND("$D$8",_xlfn.FORMULATEXT('Student Template'!K10))>0),(FIND("H10",_xlfn.FORMULATEXT('Student Template'!K10))>0)),"C","N"),"N") -> C | O11: =IF(AND(M11="N",N11="N"),"N",IF(AND(M11="C",N11="C"),"C",IF(M11="C","CR","A"))) -> C
A12: 1st Salary | B12: =IF(B5="Empty Cell","",C8*C9*160) -> 1059.2853
A13: 2nd Salary | B13: =IF(B5="Empty Cell","",C8*C9*(C10*0.75)*160) -> 2045.4136
E15: Part 4
E16: Question 1 | I16: Question 2
A17: Letter | B17: Value | E17: Correct Line | F17: X Value | G17: Y Value | I17: Correct Line | J17: X Value | K17: Y Value | N17: Correct Line | O17: x-value | P17: y-value | Q17: Answer | R17: Feedback
A18: A | B18: 2.55 | E18: 1 | F18: =B18*7.02 -> 17.901 | G18: =F18*12*IF(E18=1,Salary1,Salary2) -> 227547.2 | I18: 1 | J18: =B18*3.425 -> 8.73375 | K18: =J18*12*IF(I18=1,Salary1,Salary2) -> 111018.4 | M18: Q1 | N18: =IFERROR(VLOOKUP(B8,A18:E44,5,FALSE),E44) -> 2 | O18: =ROUND(IFERROR(VLOOKUP(B8,A18:F44,6,FALSE),F44),2) -> 18.14 | P18: =TEXT(ROUND(IFERROR(VLOOKUP(B8,A18:G44,7,FALSE),G44),0),"$###,##0") -> $445214,0 | Q18: =IF(ISBLANK('Student Template'!AA4)=TRUE,"Empty Cell",'Student Template'!AA4) -> Cindy's Future Salary | R18: =IF(Q18=M27,"C","N") -> C
A19: B | B19: =B18*1.0012 -> 2.55306 | E19: 2 | F19: =B19*7.02 -> 17.922481 | G19: =F19*12*IF(E19=1,Salary1,Salary2) -> 439906.63 | I19: 2 | J19: =B19*3.425 -> 8.7442305 | K19: =J19*12*IF(I19=1,Salary1,Salary2) -> 214626.81 | M19: Q2 | N19: =IFERROR(VLOOKUP(B9,A18:I44,9,FALSE),$I$44) -> 1 | O19: =ROUND(IFERROR(VLOOKUP(B9,A18:J44,10,FALSE),J44),2) -> 8.78 | P19: =TEXT(ROUND(IFERROR(VLOOKUP(B9,A18:K43,11,FALSE),K44),0),"$###,##0") -> $111552,0 | Q19: =IF(ISBLANK('Student Template'!AA6)=TRUE,"Empty Cell",'Student Template'!AA6) -> Cindy's Current Salary | R19: =IF(Q19=M28,"C","N") -> C
A20: C | B20: =B19*1.0012 -> 2.5561237 | E20: 1 | F20: =B20*7.02 -> 17.943988 | G20: =F20*12*IF(E20=1,Salary1,Salary2) -> 228093.64 | I20: 1 | J20: =B20*3.425 -> 8.7547236 | K20: =J20*12*IF(I20=1,Salary1,Salary2) -> 111285
A21: D | B21: =B20*1.0012 -> 2.559191 | E21: 2 | F21: =B21*7.02 -> 17.965521 | G21: =F21*12*IF(E21=1,Salary1,Salary2) -> 440963.04 | I21: 2 | J21: =B21*3.425 -> 8.7652292 | K21: =J21*12*IF(I21=1,Salary1,Salary2) -> 215142.22 | M21: Answer Options
A22: E | B22: =B21*1.0012 -> 2.562262 | E22: 1 | F22: =B22*7.02 -> 17.98708 | G22: =F22*12*IF(E22=1,Salary1,Salary2) -> 228641.39 | I22: 1 | J22: =B22*3.425 -> 8.7757475 | K22: =J22*12*IF(I22=1,Salary1,Salary2) -> 111552.25
A23: F | B23: =B22*1.0012 -> 2.5653368 | E23: 2 | F23: =B23*7.02 -> 18.008664 | G23: =F23*12*IF(E23=1,Salary1,Salary2) -> 442021.99 | I23: 2 | J23: =B23*3.425 -> 8.7862784 | K23: =J23*12*IF(I23=1,Salary1,Salary2) -> 215658.88 | M23: Cindy's Current Salary
A24: G | B24: =B23*1.0012 -> 2.5684152 | E24: 1 | F24: =B24*7.02 -> 18.030274 | G24: =F24*12*IF(E24=1,Salary1,Salary2) -> 229190.46 | I24: 1 | J24: =B24*3.425 -> 8.796822 | K24: =J24*12*IF(I24=1,Salary1,Salary2) -> 111820.13 | M24: Cindy's Future Salary
A25: H | B25: =B24*1.0012 -> 2.5714973 | E25: 2 | F25: =B25*7.02 -> 18.051911 | G25: =F25*12*IF(E25=1,Salary1,Salary2) -> 443083.48 | I25: 2 | J25: =B25*3.425 -> 8.8073781 | K25: =J25*12*IF(I25=1,Salary1,Salary2) -> 216176.77
A26: I | B26: =B25*1.0012 -> 2.5745831 | E26: 1 | F26: =B26*7.02 -> 18.073573 | G26: =F26*12*IF(E26=1,Salary1,Salary2) -> 229740.85 | I26: 1 | J26: =B26*3.425 -> 8.817947 | K26: =J26*12*IF(I26=1,Salary1,Salary2) -> 112088.66 | M26: Grading Feedback
A27: J | B27: =B26*1.0012 -> 2.5776726 | E27: 2 | F27: =B27*7.02 -> 18.095261 | G27: =F27*12*IF(E27=1,Salary1,Salary2) -> 444147.51 | I27: 2 | J27: =B27*3.425 -> 8.8285285 | K27: =J27*12*IF(I27=1,Salary1,Salary2) -> 216695.9 | M27: =IF(N18=1,"Cindy's Current Salary","Cindy's Future Salary") -> Cindy's Future Salary
A28: K | B28: =B27*1.0012 -> 2.5807658 | E28: 1 | F28: =B28*7.02 -> 18.116976 | G28: =F28*12*IF(E28=1,Salary1,Salary2) -> 230292.56 | I28: 1 | J28: =B28*3.425 -> 8.8391228 | K28: =J28*12*IF(I28=1,Salary1,Salary2) -> 112357.84 | M28: =IF(N19=1,"Cindy's Current Salary","Cindy's Future Salary") -> Cindy's Current Salary
A29: L | B29: =B28*1.0012 -> 2.5838627 | E29: 2 | F29: =B29*7.02 -> 18.138716 | G29: =F29*12*IF(E29=1,Salary1,Salary2) -> 445214.11 | I29: 2 | J29: =B29*3.425 -> 8.8497297 | K29: =J29*12*IF(I29=1,Salary1,Salary2) -> 217216.28 | M29: Cindy's Future Salary
A30: M | B30: =B29*1.0012 -> 2.5869633 | E30: 1 | F30: =B30*7.02 -> 18.160483 | G30: =F30*12*IF(E30=1,Salary1,Salary2) -> 230845.59 | I30: 1 | J30: =B30*3.425 -> 8.8603494 | K30: =J30*12*IF(I30=1,Salary1,Salary2) -> 112627.66
A31: N | B31: =B30*1.0012 -> 2.5900677 | E31: 2 | F31: =B31*7.02 -> 18.182275 | G31: =F31*12*IF(E31=1,Salary1,Salary2) -> 446283.26 | I31: 2 | J31: =B31*3.425 -> 8.8709818 | K31: =J31*12*IF(I31=1,Salary1,Salary2) -> 217737.92
A32: O | B32: =B31*1.0012 -> 2.5931758 | E32: 1 | F32: =B32*7.02 -> 18.204094 | G32: =F32*12*IF(E32=1,Salary1,Salary2) -> 231399.95 | I32: 1 | J32: =B32*3.425 -> 8.881627 | K32: =J32*12*IF(I32=1,Salary1,Salary2) -> 112898.13
A33: P | B33: =B32*1.0012 -> 2.5962876 | E33: 2 | F33: =B33*7.02 -> 18.225939 | G33: =F33*12*IF(E33=1,Salary1,Salary2) -> 447354.99 | I33: 2 | J33: =B33*3.425 -> 8.8922849 | K33: =J33*12*IF(I33=1,Salary1,Salary2) -> 218260.8
A34: Q | B34: =B33*1.0012 -> 2.5994031 | E34: 1 | F34: =B34*7.02 -> 18.24781 | G34: =F34*12*IF(E34=1,Salary1,Salary2) -> 231955.65 | I34: 1 | J34: =B34*3.425 -> 8.9029557 | K34: =J34*12*IF(I34=1,Salary1,Salary2) -> 113169.24
A35: R | B35: =B34*1.0012 -> 2.6025224 | E35: 2 | F35: =B35*7.02 -> 18.269707 | G35: =F35*12*IF(E35=1,Salary1,Salary2) -> 448429.28 | I35: 2 | J35: =B35*3.425 -> 8.9136392 | K35: =J35*12*IF(I35=1,Salary1,Salary2) -> 218784.94
A36: S | B36: =B35*1.0012 -> 2.6056454 | E36: 1 | F36: =B36*7.02 -> 18.291631 | G36: =F36*12*IF(E36=1,Salary1,Salary2) -> 232512.68 | I36: 1 | J36: =B36*3.425 -> 8.9243356 | K36: =J36*12*IF(I36=1,Salary1,Salary2) -> 113441.01
A37: T | B37: =B36*1.0012 -> 2.6087722 | E37: 2 | F37: =B37*7.02 -> 18.313581 | G37: =F37*12*IF(E37=1,Salary1,Salary2) -> 449506.16 | I37: 2 | J37: =B37*3.425 -> 8.9350448 | K37: =J37*12*IF(I37=1,Salary1,Salary2) -> 219310.34
A38: U | B38: =B37*1.0012 -> 2.6119027 | E38: 1 | F38: =B38*7.02 -> 18.335557 | G38: =F38*12*IF(E38=1,Salary1,Salary2) -> 233071.04 | I38: 1 | J38: =B38*3.425 -> 8.9457668 | K38: =J38*12*IF(I38=1,Salary1,Salary2) -> 113713.43
A39: V | B39: =B38*1.0012 -> 2.615037 | E39: 2 | F39: =B39*7.02 -> 18.35756 | G39: =F39*12*IF(E39=1,Salary1,Salary2) -> 450585.62 | I39: 2 | J39: =B39*3.425 -> 8.9565018 | K39: =J39*12*IF(I39=1,Salary1,Salary2) -> 219837
A40: W | B40: =B39*1.0012 -> 2.6181751 | E40: 1 | F40: =B40*7.02 -> 18.379589 | G40: =F40*12*IF(E40=1,Salary1,Salary2) -> 233630.75 | I40: 1 | J40: =B40*3.425 -> 8.9672496 | K40: =J40*12*IF(I40=1,Salary1,Salary2) -> 113986.51
A41: X | B41: =B40*1.0012 -> 2.6213169 | E41: 2 | F41: =B41*7.02 -> 18.401644 | G41: =F41*12*IF(E41=1,Salary1,Salary2) -> 451667.67 | I41: 2 | J41: =B41*3.425 -> 8.9780103 | K41: =J41*12*IF(I41=1,Salary1,Salary2) -> 220364.93
... A44: Other | B44: =B43*1.0012 -> 2.6307649 | E44: 1 | F44: =B44*7.02 -> 18.46797 | G44: =F44*12*IF(E44=1,Salary1,Salary2) -> 234754.19 | I44: 1 | J44: =B44*3.425 -> 9.0103699 | K44: =J44*12*IF(I44=1,Salary1,Salary2) -> 114534.63
